{
  "cell_positions_mm": [
    [
      40,
      -62.5
    ],
    [
      62.5,
      -40
    ],
    [
      -40,
      62.5
    ],
    [
      -62.5,
      40
    ]
  ],
  "cell_zeros_L": [
    -6803.42,
    -5242.7,
    -28237.86,
    -1022.36
  ],
  "total_factor": -123.19559870550162,
  "known_weight_g": 206.0,
  "calibrated_at": "2026-07-05 17:44:45",
  "compartment_centers_mm": [
    [
      -107.14836635500374,
      129.9829366069093
    ],
    [
      -335.90971771378935,
      100.6335209383832
    ],
    [
      172.10237985791326,
      -133.8582820211452
    ]
  ],
  "compartment_labels": [
    "compartment 1 (12 o'clock)",
    "compartment 2 (8 o'clock)",
    "compartment 3 (4 o'clock)"
  ]
}
